theme_group,theme,path,indicator_key,name,full_name,unit,n_years,first_year,last_year,n_regions,max_region_level,completeness,score
education_health,Education,Education > Publique > Premier cycle de l'enseignement de base public > Nombres d'écoles,22242616,Nombres d'écoles,Nombre total d'écoles du premier cycle de l'enseignement de base public,Nombre,45,1980,2024,31,governorate,1.0,0.8589
education_health,Education,Education > Publique > Premier cycle de l'enseignement de base public > Nombres de locaux classes,22242716,Nombres de locaux classes,Nombre total des classes-élèves du premier cycle de l'enseignement de base public,Nombre,45,1980,2024,31,governorate,1.0,0.8589
education_health,Education,Education > Publique > Deuxième cycle de l'enseignement de base public et l'enseignement secondaire public > Nombre d'établissement,22243216,Nombre d'établissement,Nombre d'établissements de l'enseignement du deuxième cycle de l'enseignement de base et l'enseignement secondaire public,Nombre,45,1980,2024,31,governorate,1.0,0.8589
education_health,Education,Education > Publique > Deuxième cycle de l'enseignement de base public et l'enseignement secondaire public > Nombres de locaux classes,22243316,Nombres de locaux classes,Nombre de classes-élèves du second cycle de l'enseignement de base et l'enseignement secondaire public,Nombre,45,1980,2024,31,governorate,1.0,0.8589
education_health,Santé,Santé > Infrastructue sanitaire du secteur public > Hôpitaux généraux,22301216,Hôpitaux généraux,Le nombre d'hôpitaux publics,Nombre,27,1998,2024,31,governorate,1.0,0.7451
education_health,Santé,Santé > Infrastructue sanitaire du secteur public > Hôpitaux régionaux,22301416,Hôpitaux régionaux,Nombre d'hôpitaux publics régionaux,Nombre,27,1998,2024,31,governorate,1.0,0.7451
education_health,Santé,Santé > Infrastructue sanitaire du secteur public > Hôpitaux de circonscription,22301516,Hôpitaux de circonscription,Nombre d'hôpitaux de circonscription publics,Nombre,27,1998,2024,31,governorate,1.0,0.7451
education_health,Santé,Santé > Infrastructue sanitaire du secteur public > Centres de santé de base,22301616,Centres de santé de base,Nombre de centres de santé  de base publique,Nombre,27,1998,2024,31,governorate,1.0,0.7451
education_health,Santé,Santé > Infrastructue sanitaire du secteur public > Nombre de lits,22301016,Nombre de lits,Le nombre de lits pour le secteur de la santé publique,Nombre,27,1998,2024,31,governorate,1.0,0.7451
education_health,Santé,Santé > Infrastructue sanitaire du secteur public > Lits pour 1000 habitants,22301116,Lits pour 1000 habitants,Le nombre de lits pour mille habitants de la santé du secteur public,Nombre de Lits par 1000 habitants,27,1998,2024,31,governorate,1.0,0.7451
education_health,Santé,Santé > Infrastructue sanitaire du secteur privé > Cliniques,22301816,Cliniques,Nombre de cliniques,Nombre,27,1998,2024,31,governorate,1.0,0.7451
education_health,Santé,Santé > Infrastructue sanitaire du secteur privé > Officines > Officines : Catégorie .A ( de jour ),22302016,Officines : Catégorie .A ( de jour ),Nombre de Pharmacies de jours (classe A ),Nombre,27,1998,2024,31,governorate,1.0,0.7451
education_health,Santé,Santé > Infrastructue sanitaire du secteur privé > Officines > Officines : Catégorie .B ( de nuit ),22302116,Officines : Catégorie .B ( de nuit ),Nombre de Pharmacies nuit (classe B ),Nombre,27,1998,2024,31,governorate,1.0,0.7451
education_health,Santé,Santé > Personnel médical > Personnel paramédical > Techniciens supérieurs,22302516,Techniciens supérieurs,Nombre de techniciens supérieurs,Nombre,27,1998,2024,31,governorate,1.0,0.7451
education_health,Santé,Santé > Personnel médical > Personnel paramédical > Infermiers,22302616,Infermiers,Nombre d'infermiers,Nombre,27,1998,2024,31,governorate,1.0,0.7451
education_health,Santé,"Santé > Infrastructue sanitaire du secteur public > Instituts, centres et Hôpitaux spécialisés",22301316,"Instituts, centres et Hôpitaux spécialisés",Nombre d'instituts et de centres publics spécialisés,Nombre,26,1998,2024,31,governorate,1.0,0.7364
education_health,Santé,Santé > Infrastructue sanitaire du secteur privé > Cabinets de libre pratique,22301716,Cabinets de libre pratique,Nombre de canbinet de libres pratiques,Nombre,26,1998,2024,31,governorate,1.0,0.7364
education_health,Santé,Santé > Personnel médical > Medecins > Médecins de la Santé publique,22302316,Médecins de la Santé publique,Nombre de médecins de santé publique,Nombre,26,1998,2024,31,governorate,1.0,0.7364
education_health,Santé,Santé > Personnel médical > Medecins > Médecins de Libres pratiques,22302416,Médecins de Libres pratiques,Nombre de médecins de libres pratiques,Nombre,25,1998,2024,31,governorate,1.0,0.7276
education_health,Santé,Santé > Infrastructue sanitaire du secteur privé > Cabinets Dentaires,22301916,Cabinets Dentaires,Nombre de cabinets dentaires privées,Nombre,24,1998,2024,31,governorate,1.0,0.7189
education_health,Santé,Santé > Infrastructue sanitaire du secteur privé > Officines > Grossistes répartiteurs,22302216,Grossistes répartiteurs,Nombre grossistes répartiteurs de médicaments,Nombre,24,1998,2024,31,governorate,1.0,0.7189
education_health,Santé,Santé > Indicateurs généraux de santé > Nombre d'habitants pour un médecin,27331616,Nombre d'habitants pour un médecin,Le nombre d'habitants pour un médecin,Nombre,34,1990,2024,1,national,1.0,0.6814
education_health,Santé,Santé > Indicateurs généraux de santé > Nombre d'habitants pour un pharmacien,27331816,Nombre d'habitants pour un pharmacien,Le nombre d'habitants pour un pharmacien,Nombre,34,1990,2024,1,national,1.0,0.6814
education_health,Santé,Santé > Indicateurs généraux de santé > Nombre d'habitants pour un para-médical,27331916,Nombre d'habitants pour un para-médical,Le nombre d'habitants pour un paramédical,Nombre,34,1990,2024,1,national,1.0,0.6814
education_health,Santé,Santé > Activité de la santé de la reproduction et de la planification familiale > Services de santé de la reproduction > Actes Santé de la Reproduction,22302716,Actes Santé de la Reproduction,Services de la santé de la reproduction offerts,Nombre,20,2004,2023,31,governorate,1.0,0.6758
education_health,Santé,Santé > Activité de la santé de la reproduction et de la planification familiale > Services de santé de la reproduction > Actes Postnatal,22302816,Actes Postnatal,Nombre de consultations post-natales,Nombre,20,2004,2023,31,governorate,1.0,0.6758
education_health,Santé,Santé > Activité de la santé de la reproduction et de la planification familiale > Services de santé de la reproduction > Actes Prénatal,22302916,Actes Prénatal,Nombre de consultations prénatales,Nombre,20,2004,2023,31,governorate,1.0,0.6758
education_health,Santé,Santé > Indicateurs généraux de santé > Nombre d'habitants pour un dentiste,27331716,Nombre d'habitants pour un dentiste,Nombre d'habitants pour un dentiste,Nombre,23,2000,2024,1,national,1.0,0.5851
education_health,Education,Education > Publique > Année préparatoire > Nombre des écoles,27330616,Nombre des écoles,Nombre d'écoles enseignant l'année préparatoire dans l'enseignement public,Nombre,23,2001,2023,1,national,1.0,0.5771
education_health,Santé,Santé > Activité de la santé de la reproduction et de la planification familiale > Planification familiale > Taux de prevalence contraceptive,22300916,Taux de prevalence contraceptive,Taux de prevalence contraceptive,Pourcentage,8,1988,2023,1,national,1.0,0.4458
employment_living_conditions,Salaires,Salaires > SMAG,22315316,SMAG,Evolution du Salaire Minimum Agricole Garanti par jour,Dinars/jour,36,1990,2025,1,national,1.0,0.7069
employment_living_conditions,Salaires,Salaires > SMIG > Régime 48h / semaine,22315816,Régime 48h / semaine,Salaire Minimum Interprofessionnel Garanti par heure : régime 48 heures,Dinars/heure,35,1990,2024,1,national,1.0,0.6901
employment_living_conditions,Salaires,Salaires > SMIG > Régime 40h / semaine,22315916,Régime 40h / semaine,Salaire Minimum Interprofessionnel Garanti par heure : régime 40 heures,Dinars/heure,35,1990,2024,1,national,1.0,0.6901
employment_living_conditions,Emploi,Emploi > Statistiques des bureaux d'emploi > Evolution des demandes d'emploi enregistrées > Dont première demande,22315516,Dont première demande,Dont première demande,Nombre,25,2000,2024,1,national,1.0,0.6026
employment_living_conditions,Emploi,Emploi > Statistiques des bureaux d'emploi > Evolution des offres d'emploi reçus > Dont premier emploi,22315716,Dont premier emploi,Dont premier emploi,Nombre,25,2000,2024,1,national,1.0,0.6026
employment_living_conditions,Salaires,Salaires > Taux d'Evolution des Salaires dans le secteur privé non agricole,27966139,Taux d'Evolution des Salaires dans le secteur privé non agricole,Taux d'Evolution des Salaires dans le secteur privé non agricole,%,23,2000,2022,1,national,1.0,0.569
employment_living_conditions,Ménages et conditions de vie,Ménages et conditions de vie > Ménages et conditions de vie > Indicateurs d'infrastructure > Taux de branchement en courant électrique (%),27329416,Taux de branchement en courant électrique (%),Taux de raccordement des logements aux réseaux d'électricité,Pourcentage,21,1994,2014,1,national,1.0,0.487
employment_living_conditions,Ménages et conditions de vie,Ménages et conditions de vie > Ménages et conditions de vie > Indicateurs d'infrastructure > Taux de branchement en eau potable (%),27329516,Taux de branchement en eau potable (%),Taux de raccordement des logements aux réseaux d'eau potable,Pourcentage,21,1994,2014,1,national,1.0,0.487
employment_living_conditions,Ménages et conditions de vie,Ménages et conditions de vie > Ménages et conditions de vie > Indicateurs d'infrastructure > Taux de desserte en eau potable (%),27329616,Taux de desserte en eau potable (%),Taux de desserte en eau potable,Pourcentage,21,1994,2014,1,national,1.0,0.487
employment_living_conditions,Ménages et conditions de vie,Ménages et conditions de vie > Ménages et conditions de vie > Données générales > Nombre de ménages ( en milliers ),27327016,Nombre de ménages ( en milliers ),Nombre de ménages (en milliers),Nombre,17,1984,2014,1,national,1.0,0.452
employment_living_conditions,Ménages et conditions de vie,Ménages et conditions de vie > Ménages et conditions de vie > Indicateurs d'infrastructure > Taux de branchement des ménages au réseau d'assainissement ( milieu communal) (%),27329716,Taux de branchement des ménages au réseau d'assainissement ( milieu communal) (%),Taux de raccordement des logements au réseau d'assainissement ( milieu communal) (%),,15,1994,2014,1,national,1.0,0.4345
employment_living_conditions,Ménages et conditions de vie,Ménages et conditions de vie > Ménages et conditions de vie > Données générales > Nombre moyen de personnes par ménage,27327116,Nombre moyen de personnes par ménage,Nombre moyen de personnes par ménage,Pourcentage,16,1984,2011,1,national,1.0,0.419
employment_living_conditions,Ménages et conditions de vie,Ménages et conditions de vie > Ménages et conditions de vie > Données générales > Pourcentage des ménages ayant le téléphone fixe (%),27327316,Pourcentage des ménages ayant le téléphone fixe (%),Proportion de ménages possédant un téléphone fixe,Pourcentage,16,1984,2011,1,national,1.0,0.419
employment_living_conditions,Ménages et conditions de vie,Ménages et conditions de vie > Ménages et conditions de vie > Données générales > Pourcentage des ménages ayant un téléviseur ( %),27327416,Pourcentage des ménages ayant un téléviseur ( %),Proportion de ménages possédant une télévision,Pourcentage,16,1984,2011,1,national,1.0,0.419
employment_living_conditions,Ménages et conditions de vie,Ménages et conditions de vie > Ménages et conditions de vie > Données générales > Part des ménages ayant une voiture (%),27327216,Part des ménages ayant une voiture (%),Proportion de ménages possédant une voiture,Pourcentage,15,1984,2010,1,national,1.0,0.4022
employment_living_conditions,Ménages et conditions de vie,Ménages et conditions de vie > Parc de Logement > Données générales > Nombre de logements ( en milliers ),27326216,Nombre de logements ( en milliers ),Nombre de logements en milliers,Nombre,7,1984,2014,1,national,1.0,0.3645
employment_living_conditions,Ménages et conditions de vie,Ménages et conditions de vie > Parc de Logement > Données générales > Nombre moyen de ménages par logement occupé,27326316,Nombre moyen de ménages par logement occupé,Nombre moyen de ménages par logement occupé,Nombre,6,1984,2009,1,national,1.0,0.3154
employment_living_conditions,Ménages et conditions de vie,Ménages et conditions de vie > Parc de Logement > Données générales > Nombre moyen de personnes par logements occupé,27326416,Nombre moyen de personnes par logements occupé,Nombre moyen de personnes par logements occupé,Pourcentage,6,1984,2009,1,national,1.0,0.3154
employment_living_conditions,Ménages et conditions de vie,"Ménages et conditions de vie > Parc de Logement > Structure des logements selon le type ( en %) > Logements modernes (villas, appartements, …)",27326616,"Logements modernes (villas, appartements, …)","Proportion des maisons de structures modernes (villas, appartement) (%)",Pourcentage,6,1984,2009,1,national,1.0,0.3154
employment_living_conditions,Ménages et conditions de vie,"Ménages et conditions de vie > Parc de Logement > Structure des logements selon le type ( en %) > Logements traditionnels (maison arabe, borj, houch....)",27326716,"Logements traditionnels (maison arabe, borj, houch....)","Proportion des maisons de structures traditionnel (arabe House, Tour)",Pourcentage,6,1984,2009,1,national,1.0,0.3154
employment_living_conditions,Ménages et conditions de vie,Ménages et conditions de vie > Parc de Logement > Structure des logements selon le type ( en %) > Logements rudimentaires,27326816,Logements rudimentaires,Proportion des maisons de structures primitif,,6,1984,2009,1,national,1.0,0.3154
employment_living_conditions,Emploi,Emploi > Chômage > Répartition des chômeurs de l’enseignement supérieur selon la nature de diplôme > Diplôme de technicien supérieur ou équivalent,40009001,Diplôme de technicien supérieur ou équivalent,Chômeurs ayant Diplôme de technicien supérieur ou équivalent,Nombre,5,2006,2010,1,national,1.0,0.3147
employment_living_conditions,Emploi,Emploi > Chômage > Répartition des chômeurs de l’enseignement supérieur selon la nature de diplôme > Maîtrise en sciences humaines,40009002,Maîtrise en sciences humaines,Chômeurs ayant Maîtrise en sciences humaines,Nombre,5,2006,2010,1,national,1.0,0.3147
employment_living_conditions,Emploi,"Emploi > Chômage > Répartition des chômeurs de l’enseignement supérieur selon la nature de diplôme > Maîtrise en droit, économie et gestion",40009003,"Maîtrise en droit, économie et gestion","Chômeurs ayant Maîtrise en droit, économie et gestion",Nombre,5,2006,2010,1,national,1.0,0.3147
employment_living_conditions,Emploi,Emploi > Chômage > Répartition des chômeurs de l’enseignement supérieur selon la nature de diplôme > Maîtrise en science exacte,40009004,Maîtrise en science exacte,Chômeurs ayant Maîtrise en science exacte,Nombre,5,2006,2010,1,national,1.0,0.3147
employment_living_conditions,Emploi,Emploi > Chômage > Répartition des chômeurs de l’enseignement supérieur selon la nature de diplôme > Autre diplôme supérieur,40009005,Autre diplôme supérieur,Chômeurs ayant Autre diplôme supérieur,Nombre,5,2006,2010,1,national,1.0,0.3147
employment_living_conditions,Emploi,Emploi > Population occupée > Répartition de la population active occupée selon le secteur d'activité > Agriculture et pêche,40005001,Agriculture et pêche,Population active occupée dans Agriculture et pêche,Nombre,4,2007,2010,1,national,1.0,0.306
employment_living_conditions,Emploi,Emploi > Population occupée > Répartition de la population active occupée selon le secteur d'activité > Non déclarés,40005020,Non déclarés,Population active occupée dans des activité Non déclarés,Nombre,4,2007,2010,1,national,1.0,0.306
population,Population,Population > Divorces,22269716,Divorces,Les Divorces,Nombre,35,1990,2024,31,governorate,1.0,0.8151
population,Population,Population > Indicateurs démographiques > Natalité,27529859,Natalité,Taux brut de Natalité,Pour 1000 Habitants,34,1990,2023,30,governorate,1.0,0.7983
population,Population,Population > Indicateurs démographiques > Mortalité,27529869,Mortalité,Taux brut  de Mortalité,Pour 1000 Habitants,34,1990,2023,25,governorate,1.0,0.7983
population,Population,Population > Décés > Décés corrigés,22270516,Décés corrigés,Nombre des décés corrigés,Nombre,34,1990,2023,31,governorate,1.0,0.7983
population,Population,Population > Indicateurs démographiques > Indice synthétique de fécondité,27529909,Indice synthétique de fécondité,Indice synthétique de fécondité,Indice,31,1993,2023,25,governorate,1.0,0.7721
population,Population,Population > Naissance > Sexe > Rapport de masculinité,27966149,Rapport de masculinité,Rapport de masculinité par rapport au total des naissances,Pourcentage,31,1993,2023,31,governorate,1.0,0.7721
population,Population,Population > Naissance > Age de la mère > Non déclaré,22273816,Non déclaré,Nombre des naissances pour les mères dont l'âge est non déclaré,Nombre,30,1994,2023,31,governorate,1.0,0.7633
population,Population,Population > Naissance > Lieu d'accouchement > Domicile,22273916,Domicile,Nombre des naissances à domicile,Nombre,30,1994,2023,31,governorate,1.0,0.7633
population,Population,Population > Naissance > Lieu d'accouchement > Hôpital,22274016,Hôpital,Nombre des naissances à l'hôpital,Nombre,30,1994,2023,31,governorate,1.0,0.7633
population,Population,Population > Naissance > Lieu d'accouchement > Clinique,22274116,Clinique,Nombre des naissances au clinique,Nombre,30,1994,2023,31,governorate,1.0,0.7633
population,Population,Population > Naissance > Lieu d'accouchement > Non Décalré,22274216,Non Décalré,Nombre des naissances dont le lieu d'accouchement des non déclaré,Nombre,30,1994,2023,31,governorate,1.0,0.7633
population,Population,Population > Population au 1er janvier,11922316,Population au 1er janvier,Estimation de la Population au 1er janvier,Nombre,21,2005,2025,295,delegation,1.0,0.7632
population,Population,Population > Mariages > Groupe d'age de l'époux > 60 ans &+,22277916,60 ans &+,Nombre des mariages contractés pour les époux agés de 60 ans et plus,Nombre,26,1998,2023,31,governorate,1.0,0.7283
population,Population,Population > Mariages > Groupe d'age de l'épouse > 50 ans &+,22278716,50 ans &+,Nombre des mariages contractés pour les épouses agées de 50 ans et plus,Nombre,26,1998,2023,32,governorate,1.0,0.7283
population,Population,Population > Mariages > Groupe d'age de l'épouse > Non declaré,22288316,Non declaré,Nombre des mariages contractés pour les épouses dont l'âge est non déclaré,Nombre,23,1998,2021,32,governorate,1.0,0.6859
population,Population,Population > Mariages > Groupe d'age de l'époux > Non déclaré,22288216,Non déclaré,Nombre des mariages contractés pour les époux dont l'âge est non déclaré,Nombre,22,1998,2021,31,governorate,1.0,0.6772
population,Population,Population > Indicateurs démographiques > Mortinalité,27529879,Mortinalité,Taux brut  de Mortinatalité,Pour 1000 naissances,34,1990,2023,1,national,1.0,0.6733
population,Population,Population > Indicateurs démographiques > Nuptialité,27529889,Nuptialité,Taux brut démographiques de Nuptialité,Pour 1000 Habitants,34,1990,2023,1,national,1.0,0.6733
population,Population,Population > Indicateurs démographiques > Taux d'accroissement Naturel,27529899,Taux d'accroissement Naturel,Taux d'accroissement Naturel,Pourcentage,34,1990,2023,1,national,1.0,0.6733
population,Population,Population > Mariages > Groupe d'age de l'époux > Moins de 20 ans,22277016,Moins de 20 ans,Nombre des mariages contractés pour les époux agés de moins de 20 ans,Nombre,19,2005,2023,31,governorate,1.0,0.6671
population,Population,Population > Indicateurs démographiques > Taux de mortalité infantile,27529919,Taux de mortalité infantile,Taux de mortalité infantile,pour 1000 naissances,32,1992,2023,1,national,1.0,0.6558
population,Population,Population > Indicateurs démographiques > Espérance de vie à la naissance > Hommes,27529939,Hommes,Espérance de vie à la naissance chez les Hommes,an,32,1992,2023,1,national,1.0,0.6558
population,Population,Population > Indicateurs démographiques > Espérance de vie à la naissance > Femmes,27529949,Femmes,Espérance de vie à la naissance chez les Femmes,an,32,1992,2023,1,national,1.0,0.6558
population,Population,Population > Indicateurs démographiques > Part de la population urbaine,27966159,Part de la population urbaine,Part de la population urbaine par rapport à la population totale,Pourcentage,25,1990,2014,1,national,1.0,0.522
population,Population,Population > Indicateurs démographiques > Densité de la population au km²,27966169,Densité de la population au km²,Densité de la population au km²,Nombre,25,1990,2014,1,national,1.0,0.522
population,Population,Population > Mariages > Mois > Févirer,22275916,Févirer,Nombre des mariages contractés au mois de Févirer,Nombre,15,1998,2012,1,national,1.0,0.4183
prices_economy,Monnaie et banques,Monnaie et banques > Réseau bancaire par gouvernorat,27544679,Réseau bancaire par gouvernorat,Evolution du réseau bancaire par gouvernorat,Nombre,32,1990,2022,31,governorate,1.0,0.7727
prices_economy,Prix,Prix > Evolution de l'Indice des prix à la consommation familiale selon l'année de base > Base (1962=100),27665439,Base (1962=100),Evolution de l'Indice des prix à la consommation familiale pour l'année de base (1962=100),(1962=100),51,1975,2025,1,national,1.0,0.7419
prices_economy,Prix,Prix > Evolution de l'Indice des prix à la consommation familiale selon l'année de base > Base (1970=100),27665449,Base (1970=100),Evolution de l'Indice des prix à la consommation familiale pour l'année de base (1970=100),(1970=100),51,1975,2025,1,national,1.0,0.7419
prices_economy,Prix,Prix > Evolution de l'Indice des prix à la consommation familiale selon l'année de base > Base (1977=100),27665459,Base (1977=100),Evolution de l'Indice des prix à la consommation familiale pour l'année de base (1977=100),(1977=100),51,1975,2025,1,national,1.0,0.7419
prices_economy,Prix,Prix > Evolution de l'Indice des prix à la consommation familiale selon l'année de base > Base (1983=100),27665469,Base (1983=100),Evolution de l'Indice des prix à la consommation familiale pour l'année de base (1983=100),(1983=100),51,1975,2025,1,national,1.0,0.7419
prices_economy,Prix,Prix > Evolution de l'Indice des prix à la consommation familiale selon l'année de base > Base (1990=100),27665479,Base (1990=100),Evolution de l'Indice des prix à la consommation familiale pour l'année de base (1990=100),(1990=100),51,1975,2025,1,national,1.0,0.7419
prices_economy,Prix,Prix > Evolution de l'Indice des prix à la consommation familiale selon l'année de base > Base (2000=100),27665489,Base (2000=100),Evolution de l'Indice des prix à la consommation familiale pour l'année de base (2000=100),(2000=100),51,1975,2025,1,national,1.0,0.7419
prices_economy,Prix,Prix > Evolution de l'Indice des prix à la consommation familiale selon l'année de base > Base (2005=100),27665499,Base (2005=100),Evolution de l'Indice des prix à la consommation familiale pour l'année de base (2005=100),(2005=100),51,1975,2025,1,national,1.0,0.7419
prices_economy,Prix,Prix > Evolution de l'Indice des prix à la consommation familiale selon l'année de base > Base (2010=100),27701139,Base (2010=100),Evolution de l'Indice des prix à la consommation familiale selon l'année de base (2010=100),(2010=100),16,2010,2025,1,national,1.0,0.5319
prices_economy,Budget,Budget > Recettes de l'Etat > Total des recettes (y compris emprunts),28280609,Total des recettes (y compris emprunts),Ressources de Trésorerie,Milles dinars,19,2002,2020,1,national,1.0,0.5179
prices_economy,Budget,Budget > Recettes du titre I par catégorie (Fonctionnement) > Catégorie I: Impôts directs,28280629,Catégorie I: Impôts directs,Catégorie I: Impôts directs,Milles dinars,19,2002,2020,1,national,1.0,0.5179
prices_economy,Budget,Budget > Recettes du titre I par catégorie (Fonctionnement) > Catégorie II: Impôts indirects,28280639,Catégorie II: Impôts indirects,Catégorie II: Impôts indirects,Milles dinars,19,2002,2020,1,national,1.0,0.5179
prices_economy,Budget,Budget > Recettes du titre I par catégorie (Fonctionnement) > Catégorie III : Revenus financiers,28280649,Catégorie III : Revenus financiers,Catégorie III : Revenus financiers,Milles dinars,19,2002,2020,1,national,1.0,0.5179
prices_economy,Budget,Budget > Recettes du titre I par catégorie (Fonctionnement) > Catégorie IV: Revenus du domaine d'état,28280659,Catégorie IV: Revenus du domaine d'état,Catégorie IV: Revenus du domaine d'état,Milles dinars,19,2002,2020,1,national,1.0,0.5179
prices_economy,Budget,Budget > Recettes du titre I par catégorie (Fonctionnement) > Total Recettes (du Titre I),28280669,Total Recettes (du Titre I),Total Recettes (du Titre I),Milles dinars,19,2002,2020,1,national,1.0,0.5179
prices_economy,Budget,Budget > Recettes du titre II (Equipement) > Recettes propres,28281599,Recettes propres,Recettes propres du titre II,Milles dinars,19,2002,2020,1,national,1.0,0.5179
prices_economy,Prix,Prix > Indice des Prix à la Vente Industrielle (IPVI) (2010 = 100) > Indice d'ensemble,27936659,Indice d'ensemble,Indice d'ensemble pour les prix de la vente industriel (IPVI) (2010 = 100),(2010 = 100),14,2011,2024,1,national,1.0,0.5064
prices_economy,Prix,Prix > Indice des prix à la consommation familiale (IPC) (2015 = 100) > Ensemble,28229069,Ensemble,Prix\Indice des prix à la consommation familiale (IPC) (2015 = 100)\Ensemble,(2015 = 100),11,2015,2025,1,national,1.0,0.4882
prices_economy,Prix,Prix > Evolution de l'Indice des prix à la consommation familiale selon l'année de base > Base (2015=100),28233099,Base (2015=100),Evolution de l'Indice des prix à la consommation familiale selon l'année de base (2015=100),(2015 = 100),11,2015,2025,1,national,1.0,0.4882
prices_economy,Budget,Budget > Recettes des fonds de concours par département > Justice,28281719,Justice,Recettes des fonds de concours par Justice,Milles dinars,15,2002,2016,1,national,1.0,0.4506
prices_economy,Budget,Budget > Recettes des fonds de concours par département > Finances,28281749,Finances,Recettes des fonds de concours par Finances,Milles dinars,15,2002,2016,1,national,1.0,0.4506
prices_economy,Budget,Budget > Recettes des fonds de concours par département > Domaines de l'Etat,28281759,Domaines de l'Etat,Recettes des fonds de concours par Domaines de l'Etat,Milles dinars,15,2002,2016,1,national,1.0,0.4506
prices_economy,Budget,Budget > Recettes des fonds de concours par département > Industrie,28281789,Industrie,Recettes des fonds de concours par Industrie,Milles dinars,15,2002,2016,1,national,1.0,0.4506
prices_economy,Budget,Budget > Recettes des fonds de concours par département > Environnement et Aménagement,28281809,Environnement et Aménagement,Recettes des fonds de concours par Environnement et Aménagement,Milles dinars,15,2002,2016,1,national,1.0,0.4506
prices_economy,Budget,Budget > Recettes des fonds de concours par département > Enseignement Supérieur,28281899,Enseignement Supérieur,Recettes des fonds de concours par Enseignement Supérieur,Milles dinars,15,2002,2016,1,national,1.0,0.4506
prices_economy,Prix,Prix > Glissement annuel de l'indice des prix de l'immobilier > Terrain nus,27995209,Terrain nus,Variation anneuelle des l'indice de prix des terrains nus,Pourcentage,15,2001,2015,1,national,1.0,0.4425
prices_economy,Prix,Prix > Glissement annuel de l'indice des prix de l'immobilier > Appartement,27995219,Appartement,Variation anneuelle des l'indice de prix des apparetement,Pourcentage,15,2001,2015,1,national,1.0,0.4425
prices_economy,Prix,Prix > Glissement annuel de l'indice des prix de l'immobilier > Maisons,27995229,Maisons,Variation anneuelle des l'indice de prix des maisons,Pourcentage,15,2001,2015,1,national,1.0,0.4425
prices_economy,Prix,Prix > Glissement annuel de l'indice des prix de l'immobilier > Glissement annuel général,27995239,Glissement annuel général,Glissement annuel général de l'indice des prix de l'immobilier,Pourcentage,15,2001,2015,1,national,1.0,0.4425
prices_economy,Budget,Budget > Recettes des fonds de concours par département > Présidence du Gouvernement,28281699,Présidence du Gouvernement,Recettes des fonds de concours par Présidence du Gouvernement,Milles dinars,14,2002,2016,1,national,1.0,0.4419
prices_economy,Budget,Budget > Recettes des fonds de concours par département > Education,28281889,Education,Recettes des fonds de concours par Education,Milles dinars,14,2002,2016,1,national,1.0,0.4419
prices_economy,Budget,Budget > Recettes des fonds de concours par département > Affaires Sociales,28281879,Affaires Sociales,Recettes des fonds de concours par Affaires Sociales,Milles dinars,13,2004,2016,1,national,1.0,0.4331
prices_economy,Budget,Budget > Recettes des fonds de concours par département > Développement Economique,28281769,Développement Economique,Recettes des fonds de concours par Développement Economique,Milles dinars,12,2004,2016,1,national,1.0,0.4244
prices_economy,Budget,Budget > Recettes des fonds de concours par département > Agriculture,28281779,Agriculture,Recettes des fonds de concours par Agriculture,Milles dinars,7,2002,2015,1,national,1.0,0.3725
prices_economy,Budget,Budget > Recettes des fonds de concours par département > Présidence de la République,28281689,Présidence de la République,Recettes des fonds de concours par Présidence de la République,Milles dinars,10,2002,2011,1,national,1.0,0.3665
prices_economy,Budget,Budget > Recettes des fonds de concours par département > Intérieur,28281709,Intérieur,Recettes des fonds de concours par Intérieur,Milles dinars,8,2002,2010,1,national,1.0,0.341
prices_economy,Budget,Budget > Recettes des fonds de concours par département > Défense Nationale,28281739,Défense Nationale,Recettes des fonds de concours par Défense Nationale,Milles dinars,4,2004,2014,1,national,1.0,0.3382
prices_economy,Budget,Budget > Recettes des fonds de concours par département > Affaires Etrangéres,28281729,Affaires Etrangéres,Recettes des fonds de concours par Affaires Etrangéres,Milles dinars,2,2013,2014,1,national,1.0,0.3207
prices_economy,Budget,Budget > Recettes des fonds de concours par département > Transport,28281829,Transport,Recettes des fonds de concours par Transport,Milles dinars,4,2005,2011,1,national,1.0,0.314
prices_economy,Budget,Budget > Recettes des fonds de concours par département > Culture et de la Sauvegarde du Patrimoine,28281859,Culture et de la Sauvegarde du Patrimoine,Recettes des fonds de concours par Culture et de la Sauvegarde du Patrimoine,Milles dinars,3,2002,2011,1,national,1.0,0.3053
prices_economy,Budget,"Budget > Recettes des fonds de concours par département > Jeunesse, Enfance et Sports",28281849,"Jeunesse, Enfance et Sports","Recettes des fonds de concours par Jeunesse, Enfance et Sports",Milles dinars,6,2002,2007,1,national,1.0,0.2993
prices_economy,Budget,"Budget > Recettes des fonds de concours par département > Affaires de la Femme, de la Famille",28281839,"Affaires de la Femme, de la Famille","Recettes des fonds de concours par  Affaires de la Femme, de la Famille …",Milles dinars,2,2009,2010,1,national,1.0,0.2885
prices_economy,Budget,Budget > Recettes des fonds de concours par département > Santé Publique,28281869,Santé Publique,Recettes des fonds de concours par Santé Publique,Milles dinars,2,2009,2010,1,national,1.0,0.2885
prices_economy,Budget,Budget > Recettes des fonds de concours par département > Equipement,28281799,Equipement,Recettes des fonds de concours par Equipement,Milles dinars,1,2010,2010,1,national,1.0,0.2797
prices_economy,Budget,Budget > Recettes des fonds de concours par département > Technologies de la Communication,28281819,Technologies de la Communication,Recettes des fonds de concours par Technologies de la Communication,Milles dinars,2,2006,2007,1,national,1.0,0.2643
